"chr","pos","variant_id","pval_EUR","pval_CSA"
1,62901807,"1:62901807:C:A",1.58489319248312e-313,7.87045789695099e-08
1,62955862,"1:62955862:C:T",2.51188643151156e-313,4.43608643931433e-08
1,62901243,"1:62901243:C:G",3.16227766016122e-313,1.25892541179417e-07
1,62917796,"1:62917796:T:G",3.16227766016122e-313,5.86138164514028e-08
1,62917857,"1:62917857:G:A",3.16227766016122e-313,5.91561634175474e-08
2,27598097,"2:27598097:T:C",4.94065645841247e-324,9.12010839355912e-15
2,27730940,"2:27730940:T:C",4.94065645841247e-324,1.94984459975804e-16
2,27734972,"2:27734972:G:A",4.94065645841247e-324,1.38038426460289e-11
2,27739880,"2:27739880:CT:C",4.94065645841247e-324,6.68343917568613e-09
2,27741072,"2:27741072:C:G",4.94065645841247e-324,9.33254300796992e-12
3,135956305,"3:135956305:A:C",1.65958690743756e-33,0.718124923883474
3,135955604,"3:135955604:C:T",3.01995172040199e-33,0.77481853277562
3,135950921,"3:135950921:A:G",3.46736850452531e-33,0.763132588705103
3,135954599,"3:135954599:T:C",3.71535229097173e-33,0.871585506903682
3,135961031,"3:135961031:T:G",9.12010839355912e-33,0.744903474524109
4,87985166,"4:87985166:C:T",7.76247116628693e-71,0.059292532458
4,87976359,"4:87976359:A:T",1.94984459975807e-70,0.172186857498601
4,87996745,"4:87996745:G:A",5.88843655355584e-69,0.0370680721782576
4,88016514,"4:88016514:G:A",6.30957344480189e-69,0.0378442584717093
4,88018991,"4:88018991:A:G",6.60693448007586e-69,0.0260615354999889
5,55857025,"5:55857025:G:GT",7.24435960074989e-78,0.622443591603289
5,55861464,"5:55861464:C:T",2.39883291901947e-77,0.755266114094806
5,55860781,"5:55860781:A:G",3.16227766016838e-77,0.665732869378439
5,55861894,"5:55861894:G:A",5.49540873857618e-76,0.682652995087683
5,55857548,"5:55857548:A:AT",5.62341325190349e-76,0.592379471587725
6,32587213,"6:32587213:T:C",5.49540873857618e-99,0.255328915153389
6,32590501,"6:32590501:A:C",2.23872113856831e-95,0.157906497272843
6,32597064,"6:32597064:G:A",5.37031796370258e-95,0.163192426510562
6,32592219,"6:32592219:A:G",8.12830516164093e-95,0.152580839480749
6,32591198,"6:32591198:C:T",1.12201845430196e-94,0.155991164440754
7,72846741,"7:72846741:C:CTTT",4.94065645841247e-324,4.98884487460013e-05
7,72846745,"7:72846745:T:TAGTA",4.94065645841247e-324,0.000126765186585785
7,72850178,"7:72850178:T:C",4.94065645841247e-324,2.60015956316527e-05
7,72856269,"7:72856269:G:A",4.94065645841247e-324,2.02768271952128e-05
7,72856430,"7:72856430:T:C",4.94065645841247e-324,4.54988060150049e-05
8,19810787,"8:19810787:C:A",4.94065645841247e-324,0.000252929799644614
8,19811023,"8:19811023:A:ATG",4.94065645841247e-324,0.000399944749761097
8,19811897,"8:19811897:C:G",4.94065645841247e-324,0.000318419752172613
8,19811901,"8:19811901:T:C",4.94065645841247e-324,0.000319153785510076
8,19811967,"8:19811967:C:T",4.94065645841247e-324,6.91830970918936e-06
9,107665978,"9:107665978:C:G",3.31131121482591e-21,0.596211021366655
9,107661129,"9:107661129:C:A",5.24807460249771e-21,0.40672418726426
9,107666035,"9:107666035:G:GC",1.86208713666287e-20,0.51748766229348
9,107653426,"9:107653426:G:A",7.0794578438414e-19,0.396004389611525
9,86583076,"9:86583076:C:T",1.17489755493953e-18,0.790678627999825
10,94839642,"10:94839642:G:A",1.02329299228075e-54,0.591834121113182
10,94839724,"10:94839724:G:T",2.08929613085404e-54,0.585463736320577
10,65124098,"10:65124098:C:G",2.63026799189539e-52,0.00415910610494022
10,65191645,"10:65191645:G:T",3.63078054770103e-52,0.00124738351424294
10,65277026,"10:65277026:G:A",3.63078054770103e-52,0.00666806769213622
11,116522233,"11:116522233:TC:T",4.94065645841247e-324,9.8627948563121e-08
11,116525730,"11:116525730:T:C",4.94065645841247e-324,4.51855944374923e-07
11,116525867,"11:116525867:C:T",4.94065645841247e-324,6.5012969034309e-08
11,116526032,"11:116526032:CCT:C",4.94065645841247e-324,4.72063041263591e-08
11,116531479,"11:116531479:T:A",4.94065645841247e-324,0.000866961875758217
12,124505444,"12:124505444:C:T",9.77237220955815e-50,0.138835330992905
12,124506631,"12:124506631:T:C",1.38038426460289e-49,0.133721118328042
12,124508758,"12:124508758:A:T",7.24435960074989e-49,0.136835883305031
12,124509177,"12:124509177:G:A",7.58577575029188e-49,0.138261097519873
12,124503803,"12:124503803:CAA:C",1e-47,0.149899436411221
13,114544024,"13:114544024:T:C",1.34896288259166e-44,0.0283139199579938
13,114551993,"13:114551993:T:C",7.94328234724279e-41,0.0493173803954936
13,114544119,"13:114544119:G:A",1.23026877081239e-39,0.020796966871037
13,114541849,"13:114541849:C:T",3.54813389233573e-39,0.0214783047413053
13,114545317,"13:114545317:A:G",4.36515832240167e-39,0.0426579518801593
14,64236191,"14:64236191:T:C",7.41310241300916e-14,0.420242527677312
14,100705787,"14:100705787:GCCA:G",9.33254300796992e-14,0.873494148482892
14,100765823,"14:100765823:T:C",1.73780082874938e-13,0.686435917926995
14,64235556,"14:64235556:G:T",3.54813389233576e-13,0.450401678168087
14,64239351,"14:64239351:T:C",3.63078054770102e-13,0.470868892344274
15,44027885,"15:44027885:T:C",2.51188643150961e-119,0.0246603933723434
15,44028047,"15:44028047:C:T",3.16227766016838e-118,0.0441570447353313
15,43820717,"15:43820717:C:T",1.25892541179415e-114,0.0282487997491571
15,43726625,"15:43726625:A:C",1.58489319246112e-114,0.0633869711256927
15,43950699,"15:43950699:A:T",7.94328234724292e-114,0.0257039578276886
16,81534790,"16:81534790:T:C",2.34422881531991e-56,0.0132739445772974
16,81524274,"16:81524274:A:C",6.02559586074359e-51,0.0552077439280757
16,81533789,"16:81533789:C:A",3.38844156139203e-49,0.060394862937638
16,81537760,"16:81537760:C:G",1.54881661891247e-43,0.0533334895487621
16,15172118,"16:15172118:T:C",4.16869383470333e-43,0.0839459986519397
17,41926126,"17:41926126:C:T",5.01187233627276e-108,0.222740915322167
17,41840849,"17:41840849:C:T",6.16595001861491e-99,0.180343294883757
17,41874745,"17:41874745:C:A",6.45654229034659e-98,0.194133283453752
17,41809207,"17:41809207:A:C",4.46683592150969e-79,0.473042324399955
17,41914714,"17:41914714:AC:A",3.8018939632056e-69,0.642983754108247
18,21113285,"18:21113285:T:C",4.67735141287198e-16,0.388418583392963
18,21116998,"18:21116998:A:G",5.01187233627271e-16,0.401051366086576
18,21120035,"18:21120035:T:C",5.49540873857625e-16,0.38976245309772
18,21119291,"18:21119291:A:G",5.62341325190349e-16,0.397008678112184
18,21102840,"18:21102840:C:CTGGG",5.75439937337157e-16,0.674994136121949
19,45416178,"19:45416178:G:T",6.3095734448021e-308,5.84790084144481e-07
19,45416741,"19:45416741:C:T",1.99526231496893e-306,7.60326276940182e-07
19,45418790,"19:45418790:T:C",1.99526231496893e-306,5.79428696426881e-07
19,45417638,"19:45417638:C:CTTCG",2.51188643150945e-305,4.21696503428582e-07
19,45416478,"19:45416478:A:G",1.99526231496893e-297,1.95884467350599e-07
20,44551855,"20:44551855:T:C",1.58489319246112e-118,0.00328095293113119
20,44553722,"20:44553722:TA:T",3.98107170553492e-117,0.00346736850452532
20,44554015,"20:44554015:T:C",3.98107170553492e-117,0.00547015962893972
20,44559748,"20:44559748:G:T",6.30957344480189e-117,0.00582103217770872
20,44557474,"20:44557474:T:C",1.25892541179415e-116,0.00558470194736831
21,27226107,"21:27226107:T:C",1.23026877081238e-13,0.81350457561444
21,27199232,"21:27199232:G:A",2.13796208950223e-12,0.769839161929435
21,40715947,"21:40715947:A:G",2.6061535499989e-10,0.0579428696426881
21,40714478,"21:40714478:C:T",2.75422870333816e-10,0.0597035286583837
21,40716410,"21:40716410:T:C",2.89734358770132e-10,0.0572796030985829
22,38600542,"22:38600542:C:T",3.23593656929629e-32,0.2869458843075
22,38601231,"22:38601231:G:T",3.38844156139203e-32,0.263451090146603
22,38599767,"22:38599767:C:G",3.630780547701e-32,0.19856376547487
22,38599978,"22:38599978:G:A",3.8904514499428e-32,0.199113176123851
22,38599364,"22:38599364:G:A",3.98107170553499e-32,0.19350847929379
23,109792100,"X:109792100:C:T",2.95120922666638e-64,0.0117760597352081
23,109757981,"X:109757981:G:A",4.07380277804112e-64,0.00316227766016838
23,109758608,"X:109758608:T:A",4.07380277804112e-64,0.00316956746304349
23,109763603,"X:109763603:G:C",5.88843655355593e-64,0.00424619563946313
23,109763753,"X:109763753:G:A",7.58577575029188e-64,0.00435511873685568
