"chr","pos","variant_id","neglog10_pval_EUR","neglog10_pval_CSA"
1,63090858,"1:63090858:C:T",309.7,7.981
1,63061906,"1:63061906:C:T",310.3,7.96
1,63049593,"1:63049593:C:G",308.1,7.921
1,63108374,"1:63108374:A:G",309.6,7.889
1,62976751,"1:62976751:G:A",309.9,7.879
2,27730940,"2:27730940:T:C",518,15.71
2,27748992,"2:27748992:AT:A",482.4,14.66
2,27741237,"2:27741237:T:C",485.7,14.48
2,27742603,"2:27742603:T:C",484,14.18
2,27598097,"2:27598097:T:C",474.7,14.04
3,174942871,"3:174942871:G:A",0.2573,6.248
3,21735475,"3:21735475:A:T",0.4392,5.091
3,173770540,"3:173770540:C:T",0.5151,4.881
3,5936744,"3:5936744:G:A",0.5211,4.705
3,173724416,"3:173724416:C:A",0.1919,4.621
4,117280866,"4:117280866:A:G",0.1869,7.029
4,40912963,"4:40912963:T:C",0.6764,6.072
4,40912992,"4:40912992:T:A",0.7523,6.044
4,174673416,"4:174673416:T:C",0.2218,5.641
4,94714546,"4:94714546:A:G",0.3728,5.622
5,113494071,"5:113494071:G:A",0.2058,5.953
5,113296159,"5:113296159:T:C",0.8038,5.815
5,113301251,"5:113301251:T:A",0.5972,5.484
5,115268877,"5:115268877:A:C",0.07522,5.435
5,113302500,"5:113302500:C:G",0.5647,5.417
6,151213906,"6:151213906:T:G",0.5472,6.04
6,52634153,"6:52634153:T:G",16.18,5.753
6,52642583,"6:52642583:C:A",16.91,5.744
6,52652161,"6:52652161:T:A",16.62,5.712
6,52654220,"6:52654220:C:A",16.21,5.707
7,72991592,"7:72991592:T:C",311.8,7.439
7,73013269,"7:73013269:T:C",347.4,7.259
7,72995954,"7:72995954:C:T",339.9,7.247
7,72999043,"7:72999043:A:G",339.7,7.243
7,72995943,"7:72995943:T:C",339.6,7.238
8,19912370,"8:19912370:G:A",830.6,13.59
8,19859539,"8:19859539:G:A",690.3,12.94
8,19824492,"8:19824492:T:C",704.5,12.88
8,19824667,"8:19824667:C:T",713.3,12.79
8,19823648,"8:19823648:A:T",706.9,12.74
9,102470327,"9:102470327:GA:G",0.1128,5.577
9,103175498,"9:103175498:G:A",0.2775,5.577
9,102489669,"9:102489669:C:CA",0.1318,5.269
9,102452321,"9:102452321:A:G",0.9296,5.267
9,102881598,"9:102881598:T:A",0.06721,5.231
10,131051060,"10:131051060:A:G",0.5706,5.342
10,81284847,"10:81284847:C:T",0.1553,5.266
10,81284852,"10:81284852:C:A",0.1606,5.225
10,17658420,"10:17658420:G:T",0.101,5.162
10,131043513,"10:131043513:C:A",0.5656,5.034
11,116648917,"11:116648917:G:C",1888,64.26
11,116663707,"11:116663707:G:A",1016,58.6
11,116662579,"11:116662579:C:T",1018,58.15
11,116623213,"11:116623213:TA:T",1828,57.65
11,116660686,"11:116660686:G:A",1062,55.86
12,131304317,"12:131304317:C:T",0.3978,6.171
12,131320200,"12:131320200:C:T",0.4337,6.069
12,131350398,"12:131350398:G:A",0.8189,5.816
12,42852217,"12:42852217:C:T",0.9385,4.967
12,42844763,"12:42844763:T:A",0.8879,4.925
13,29392349,"13:29392349:T:C",0.04995,5.094
13,66221630,"13:66221630:G:T",0.2588,5.014
13,66220013,"13:66220013:T:C",0.2573,5.013
13,66224565,"13:66224565:G:T",0.2331,4.938
13,66213496,"13:66213496:T:G",0.2641,4.927
14,94361020,"14:94361020:A:G",0.173,5.686
14,94361100,"14:94361100:G:T",0.1858,5.685
14,94362230,"14:94362230:C:G",0.1896,5.666
14,94362398,"14:94362398:T:C",0.1908,5.66
14,94362240,"14:94362240:C:T",0.1804,5.658
15,98201793,"15:98201793:G:A",1.267,5.699
15,35261380,"15:35261380:T:C",0.4405,5.371
15,45085858,"15:45085858:C:T",0.07218,5.291
15,35259238,"15:35259238:C:T",0.7941,5.23
15,45062010,"15:45062010:C:T",0.08052,5.079
16,17056552,"16:17056552:C:T",0.1717,5.535
16,2567775,"16:2567775:G:GT",0.6378,4.838
16,56443841,"16:56443841:A:T",1.26,4.681
16,49698383,"16:49698383:G:A",0.817,4.536
16,74195747,"16:74195747:T:A",0.1673,4.493
17,25849534,"17:25849534:C:T",0.7151,4.612
17,51490547,"17:51490547:AAAAT:A",0.3776,4.435
17,10052500,"17:10052500:A:G",0.9733,4.293
17,33797624,"17:33797624:C:G",0.3258,4.282
17,33798269,"17:33798269:T:A",0.3368,4.276
18,2675983,"18:2675983:C:T",0.04171,5.382
18,31634316,"18:31634316:C:A",0.6254,5.032
18,30753305,"18:30753305:C:T",0.3136,5.012
18,71205887,"18:71205887:T:C",0.3013,4.707
18,59133349,"18:59133349:A:G",0.06809,4.666
19,45430280,"19:45430280:C:G",265.3,7.516
19,45425460,"19:45425460:A:G",243.2,7.295
19,45413576,"19:45413576:C:T",255.5,6.725
19,45416478,"19:45416478:A:G",296.7,6.708
19,45414451,"19:45414451:T:C",294.8,6.623
20,44630653,"20:44630653:A:G",34.33,5.164
20,44635735,"20:44635735:T:A",33.84,5.057
20,44640575,"20:44640575:A:G",34.56,5.008
20,44644965,"20:44644965:G:A",34.77,4.982
20,919789,"20:919789:T:C",0.2257,4.776
21,21745551,"21:21745551:T:C",0.05949,5.159
21,46230739,"21:46230739:C:T",0.2053,5.007
21,32710090,"21:32710090:C:A",1.057,4.788
21,32711020,"21:32711020:C:T",1.016,4.765
21,23356938,"21:23356938:A:C",0.3403,4.649
22,27814314,"22:27814314:G:A",0.4568,4.825
22,32679046,"22:32679046:C:G",0.4702,4.678
22,27815491,"22:27815491:A:G",0.4528,4.549
22,27548591,"22:27548591:C:T",0.3175,4.5
22,51078409,"22:51078409:C:T",0.2794,4.481
23,27815558,"X:27815558:G:A",0.1361,6.44
23,128384810,"X:128384810:C:T",1.232,5.995
23,121941212,"X:121941212:A:T",0.1289,5.911
23,128388283,"X:128388283:G:A",0.8566,5.798
23,128389094,"X:128389094:T:A",0.8627,5.796
